--------------------------------------------------------
--  DDL for Table CIUDAD
--------------------------------------------------------

  CREATE TABLE "CIUDAD" 
   (	"ID_CIUDAD" NUMBER(*,0), 
	"CIUDAD" VARCHAR2(50 BYTE), 
	"ID_DEPARTAMENTO" NUMBER(*,0)
   ) SEGMENT CREATION IMMEDIATE 
  PCTFREE 10 PCTUSED 40 INITRANS 1 MAXTRANS 255 NOCOMPRESS LOGGING
  STORAGE(INITIAL 65536 NEXT 1048576 MINEXTENTS 1 MAXEXTENTS 2147483645
  PCTINCREASE 0 FREELISTS 1 FREELIST GROUPS 1 BUFFER_POOL DEFAULT FLASH_CACHE DEFAULT CELL_FLASH_CACHE DEFAULT)
  TABLESPACE "USERS" ;
--------------------------------------------------------
--  DDL for Table CLIENTE
--------------------------------------------------------

  CREATE TABLE "CLIENTE" 
   (	"ID_CLIENTE" NUMBER(*,0), 
	"ID_TIENDA" NUMBER(*,0), 
	"NOMBRE" VARCHAR2(45 BYTE), 
	"APELLIDO" VARCHAR2(45 BYTE), 
	"EMAIL" VARCHAR2(50 BYTE), 
	"ID_DIRECCION" NUMBER(*,0), 
	"ACTIVO" VARCHAR2(10 BYTE), 
	"FECHA_CREACION" DATE, 
	"FECHA_ACTUALIZACION" DATE
   ) SEGMENT CREATION IMMEDIATE 
  PCTFREE 10 PCTUSED 40 INITRANS 1 MAXTRANS 255 NOCOMPRESS LOGGING
  STORAGE(INITIAL 65536 NEXT 1048576 MINEXTENTS 1 MAXEXTENTS 2147483645
  PCTINCREASE 0 FREELISTS 1 FREELIST GROUPS 1 BUFFER_POOL DEFAULT FLASH_CACHE DEFAULT CELL_FLASH_CACHE DEFAULT)
  TABLESPACE "USERS" ;
--------------------------------------------------------
--  DDL for Table DEPARTAMENTO
--------------------------------------------------------

  CREATE TABLE "DEPARTAMENTO" 
   (	"ID_DEPARTAMENTO" NUMBER(*,0), 
	"DEPARTAMENTO" VARCHAR2(50 BYTE)
   ) SEGMENT CREATION IMMEDIATE 
  PCTFREE 10 PCTUSED 40 INITRANS 1 MAXTRANS 255 NOCOMPRESS LOGGING
  STORAGE(INITIAL 65536 NEXT 1048576 MINEXTENTS 1 MAXEXTENTS 2147483645
  PCTINCREASE 0 FREELISTS 1 FREELIST GROUPS 1 BUFFER_POOL DEFAULT FLASH_CACHE DEFAULT CELL_FLASH_CACHE DEFAULT)
  TABLESPACE "USERS" ;
--------------------------------------------------------
--  DDL for Table DIRECCION
--------------------------------------------------------

  CREATE TABLE "DIRECCION" 
   (	"ID_DIRECCION" NUMBER(*,0), 
	"COLONIA" VARCHAR2(50 BYTE), 
	"ID_CIUDAD" NUMBER(*,0), 
	"TELEFONO" VARCHAR2(20 BYTE), 
	"FECHA_ACTUALIZACION" DATE
   ) SEGMENT CREATION IMMEDIATE 
  PCTFREE 10 PCTUSED 40 INITRANS 1 MAXTRANS 255 NOCOMPRESS LOGGING
  STORAGE(INITIAL 65536 NEXT 1048576 MINEXTENTS 1 MAXEXTENTS 2147483645
  PCTINCREASE 0 FREELISTS 1 FREELIST GROUPS 1 BUFFER_POOL DEFAULT FLASH_CACHE DEFAULT CELL_FLASH_CACHE DEFAULT)
  TABLESPACE "USERS" ;
--------------------------------------------------------
--  DDL for Table EMPLEADO
--------------------------------------------------------

  CREATE TABLE "EMPLEADO" 
   (	"ID_EMPLEADO" NUMBER(*,0), 
	"NOMBRE" VARCHAR2(45 BYTE), 
	"APELLIDO" VARCHAR2(45 BYTE), 
	"ID_DIRECCION" NUMBER(*,0), 
	"EMAIL" VARCHAR2(50 BYTE), 
	"ID_TIENDA" NUMBER(*,0), 
	"ACTIVO" NUMBER(*,0), 
	"USUARIO" VARCHAR2(16 BYTE), 
	"PASSWORD" VARCHAR2(40 BYTE), 
	"FECHA_ACTUALIZACIO" DATE
   ) SEGMENT CREATION IMMEDIATE 
  PCTFREE 10 PCTUSED 40 INITRANS 1 MAXTRANS 255 NOCOMPRESS LOGGING
  STORAGE(INITIAL 65536 NEXT 1048576 MINEXTENTS 1 MAXEXTENTS 2147483645
  PCTINCREASE 0 FREELISTS 1 FREELIST GROUPS 1 BUFFER_POOL DEFAULT FLASH_CACHE DEFAULT CELL_FLASH_CACHE DEFAULT)
  TABLESPACE "USERS" ;
--------------------------------------------------------
--  DDL for Table PAGO
--------------------------------------------------------

  CREATE TABLE "PAGO" 
   (	"ID_PAGO" NUMBER(*,0), 
	"ID_CLIENTE" NUMBER(*,0), 
	"ID_EMPLEADO" NUMBER(*,0), 
	"CONCEPTO" VARCHAR2(50 BYTE), 
	"MONTO" NUMBER(18,2), 
	"FECHA_PAGO" DATE, 
	"FECHA_ACTUALIZACION" DATE
   ) SEGMENT CREATION IMMEDIATE 
  PCTFREE 10 PCTUSED 40 INITRANS 1 MAXTRANS 255 NOCOMPRESS LOGGING
  STORAGE(INITIAL 65536 NEXT 1048576 MINEXTENTS 1 MAXEXTENTS 2147483645
  PCTINCREASE 0 FREELISTS 1 FREELIST GROUPS 1 BUFFER_POOL DEFAULT FLASH_CACHE DEFAULT CELL_FLASH_CACHE DEFAULT)
  TABLESPACE "USERS" ;
--------------------------------------------------------
--  DDL for Table TIENDA
--------------------------------------------------------

  CREATE TABLE "TIENDA" 
   (	"ID_TIENDA" NUMBER(*,0), 
	"ID_DIRECCION" NUMBER(*,0), 
	"FECHA_ACTUALIZACION" DATE
   ) SEGMENT CREATION IMMEDIATE 
  PCTFREE 10 PCTUSED 40 INITRANS 1 MAXTRANS 255 NOCOMPRESS LOGGING
  STORAGE(INITIAL 65536 NEXT 1048576 MINEXTENTS 1 MAXEXTENTS 2147483645
  PCTINCREASE 0 FREELISTS 1 FREELIST GROUPS 1 BUFFER_POOL DEFAULT FLASH_CACHE DEFAULT CELL_FLASH_CACHE DEFAULT)
  TABLESPACE "USERS" ;
REM INSERTING into CIUDAD
SET DEFINE OFF;
Insert into CIUDAD (ID_CIUDAD,CIUDAD,ID_DEPARTAMENTO) values (1,'TEGUCIGALPA',1);
Insert into CIUDAD (ID_CIUDAD,CIUDAD,ID_DEPARTAMENTO) values (2,'SAN PEDRO SULA',2);
Insert into CIUDAD (ID_CIUDAD,CIUDAD,ID_DEPARTAMENTO) values (3,'LA CEIBA',3);
REM INSERTING into CLIENTE
SET DEFINE OFF;
Insert into CLIENTE (ID_CLIENTE,ID_TIENDA,NOMBRE,APELLIDO,EMAIL,ID_DIRECCION,ACTIVO,FECHA_CREACION,FECHA_ACTUALIZACION) values (1,1,'MARY','SMITH','MARY.SMITH@sakilacustomer.org',1,'ACTIVO',to_date('22-MAR-19','DD-MON-RR'),to_date('22-MAR-19','DD-MON-RR'));
Insert into CLIENTE (ID_CLIENTE,ID_TIENDA,NOMBRE,APELLIDO,EMAIL,ID_DIRECCION,ACTIVO,FECHA_CREACION,FECHA_ACTUALIZACION) values (2,1,'PATRICIA','JOHNSON','PATRICIA.JOHNSON@sakilacustomer.org',1,'ACTIVO',to_date('22-MAR-19','DD-MON-RR'),to_date('22-MAR-19','DD-MON-RR'));
Insert into CLIENTE (ID_CLIENTE,ID_TIENDA,NOMBRE,APELLIDO,EMAIL,ID_DIRECCION,ACTIVO,FECHA_CREACION,FECHA_ACTUALIZACION) values (3,1,'LINDA','WILLIAMS','LINDA.WILLIAMS@sakilacustomer.org',1,'ACTIVO',to_date('22-MAR-19','DD-MON-RR'),to_date('22-MAR-19','DD-MON-RR'));
Insert into CLIENTE (ID_CLIENTE,ID_TIENDA,NOMBRE,APELLIDO,EMAIL,ID_DIRECCION,ACTIVO,FECHA_CREACION,FECHA_ACTUALIZACION) values (4,2,'BARBARA','JONES','BARBARA.JONES@sakilacustomer.org',2,'ACTIVO',to_date('22-MAR-19','DD-MON-RR'),to_date('22-MAR-19','DD-MON-RR'));
Insert into CLIENTE (ID_CLIENTE,ID_TIENDA,NOMBRE,APELLIDO,EMAIL,ID_DIRECCION,ACTIVO,FECHA_CREACION,FECHA_ACTUALIZACION) values (5,1,'ELIZABETH','BROWN','ELIZABETH.BROWN@sakilacustomer.org',1,'ACTIVO',to_date('22-MAR-19','DD-MON-RR'),to_date('22-MAR-19','DD-MON-RR'));
Insert into CLIENTE (ID_CLIENTE,ID_TIENDA,NOMBRE,APELLIDO,EMAIL,ID_DIRECCION,ACTIVO,FECHA_CREACION,FECHA_ACTUALIZACION) values (6,2,'JENNIFER','DAVIS','JENNIFER.DAVIS@sakilacustomer.org',2,'ACTIVO',to_date('22-MAR-19','DD-MON-RR'),to_date('22-MAR-19','DD-MON-RR'));
Insert into CLIENTE (ID_CLIENTE,ID_TIENDA,NOMBRE,APELLIDO,EMAIL,ID_DIRECCION,ACTIVO,FECHA_CREACION,FECHA_ACTUALIZACION) values (7,1,'MARIA','MILLER','MARIA.MILLER@sakilacustomer.org',1,'ACTIVO',to_date('22-MAR-19','DD-MON-RR'),to_date('22-MAR-19','DD-MON-RR'));
Insert into CLIENTE (ID_CLIENTE,ID_TIENDA,NOMBRE,APELLIDO,EMAIL,ID_DIRECCION,ACTIVO,FECHA_CREACION,FECHA_ACTUALIZACION) values (8,2,'SUSAN','WILSON','SUSAN.WILSON@sakilacustomer.org',2,'ACTIVO',to_date('22-MAR-19','DD-MON-RR'),to_date('22-MAR-19','DD-MON-RR'));
Insert into CLIENTE (ID_CLIENTE,ID_TIENDA,NOMBRE,APELLIDO,EMAIL,ID_DIRECCION,ACTIVO,FECHA_CREACION,FECHA_ACTUALIZACION) values (9,2,'MARGARET','MOORE','MARGARET.MOORE@sakilacustomer.org',2,'ACTIVO',to_date('22-MAR-19','DD-MON-RR'),to_date('22-MAR-19','DD-MON-RR'));
REM INSERTING into DEPARTAMENTO
SET DEFINE OFF;
Insert into DEPARTAMENTO (ID_DEPARTAMENTO,DEPARTAMENTO) values (1,'FRANCISCO MORAZÁN');
Insert into DEPARTAMENTO (ID_DEPARTAMENTO,DEPARTAMENTO) values (2,'CORTES');
Insert into DEPARTAMENTO (ID_DEPARTAMENTO,DEPARTAMENTO) values (3,'ATLÁNTIDA');
REM INSERTING into DIRECCION
SET DEFINE OFF;
Insert into DIRECCION (ID_DIRECCION,COLONIA,ID_CIUDAD,TELEFONO,FECHA_ACTUALIZACION) values (1,'UNAH',1,'2200-0000',to_date('22-MAR-19','DD-MON-RR'));
Insert into DIRECCION (ID_DIRECCION,COLONIA,ID_CIUDAD,TELEFONO,FECHA_ACTUALIZACION) values (2,'HONDURAS',2,'2500-0000',to_date('22-MAR-19','DD-MON-RR'));
Insert into DIRECCION (ID_DIRECCION,COLONIA,ID_CIUDAD,TELEFONO,FECHA_ACTUALIZACION) values (3,'VILLAS',3,'27000-0000',to_date('22-MAR-19','DD-MON-RR'));
REM INSERTING into EMPLEADO
SET DEFINE OFF;
Insert into EMPLEADO (ID_EMPLEADO,NOMBRE,APELLIDO,ID_DIRECCION,EMAIL,ID_TIENDA,ACTIVO,USUARIO,PASSWORD,FECHA_ACTUALIZACIO) values (1,'Mike','Hillyer',1,'Mike.Hillyer@sakilastaff.com',1,1,'Mike','8cb2237d0679ca88db6464eac60da96345513964',to_date('22-MAR-19','DD-MON-RR'));
Insert into EMPLEADO (ID_EMPLEADO,NOMBRE,APELLIDO,ID_DIRECCION,EMAIL,ID_TIENDA,ACTIVO,USUARIO,PASSWORD,FECHA_ACTUALIZACIO) values (2,'Jon','Stephens',2,'Jon.Stephens@sakilastaff.com',2,1,'Jon','8cb2237d0679ca88db6464eac60da96345513964',to_date('22-MAR-19','DD-MON-RR'));
REM INSERTING into PAGO
SET DEFINE OFF;
Insert into PAGO (ID_PAGO,ID_CLIENTE,ID_EMPLEADO,CONCEPTO,MONTO,FECHA_PAGO,FECHA_ACTUALIZACION) values (1,1,1,'76',2.99,to_date('23-MAR-18','DD-MON-RR'),to_date('23-MAR-18','DD-MON-RR'));
Insert into PAGO (ID_PAGO,ID_CLIENTE,ID_EMPLEADO,CONCEPTO,MONTO,FECHA_PAGO,FECHA_ACTUALIZACION) values (2,1,1,'573',0.99,to_date('13-MAR-19','DD-MON-RR'),to_date('13-MAR-19','DD-MON-RR'));
Insert into PAGO (ID_PAGO,ID_CLIENTE,ID_EMPLEADO,CONCEPTO,MONTO,FECHA_PAGO,FECHA_ACTUALIZACION) values (3,2,1,'1185',5.99,to_date('13-MAR-19','DD-MON-RR'),to_date('13-MAR-19','DD-MON-RR'));
Insert into PAGO (ID_PAGO,ID_CLIENTE,ID_EMPLEADO,CONCEPTO,MONTO,FECHA_PAGO,FECHA_ACTUALIZACION) values (4,2,2,'1422',0.99,to_date('13-FEB-19','DD-MON-RR'),to_date('13-FEB-19','DD-MON-RR'));
Insert into PAGO (ID_PAGO,ID_CLIENTE,ID_EMPLEADO,CONCEPTO,MONTO,FECHA_PAGO,FECHA_ACTUALIZACION) values (5,3,2,'1476',9.99,to_date('13-FEB-19','DD-MON-RR'),to_date('13-FEB-19','DD-MON-RR'));
Insert into PAGO (ID_PAGO,ID_CLIENTE,ID_EMPLEADO,CONCEPTO,MONTO,FECHA_PAGO,FECHA_ACTUALIZACION) values (6,4,1,'1725',4.99,to_date('13-FEB-19','DD-MON-RR'),to_date('13-FEB-19','DD-MON-RR'));
Insert into PAGO (ID_PAGO,ID_CLIENTE,ID_EMPLEADO,CONCEPTO,MONTO,FECHA_PAGO,FECHA_ACTUALIZACION) values (7,5,1,'2308',4.99,to_date('23-MAR-18','DD-MON-RR'),to_date('23-MAR-18','DD-MON-RR'));
Insert into PAGO (ID_PAGO,ID_CLIENTE,ID_EMPLEADO,CONCEPTO,MONTO,FECHA_PAGO,FECHA_ACTUALIZACION) values (8,6,2,'2363',0.99,to_date('23-MAR-18','DD-MON-RR'),to_date('23-MAR-18','DD-MON-RR'));
Insert into PAGO (ID_PAGO,ID_CLIENTE,ID_EMPLEADO,CONCEPTO,MONTO,FECHA_PAGO,FECHA_ACTUALIZACION) values (9,5,1,'3284',3.99,to_date('13-MAR-19','DD-MON-RR'),to_date('13-MAR-19','DD-MON-RR'));
Insert into PAGO (ID_PAGO,ID_CLIENTE,ID_EMPLEADO,CONCEPTO,MONTO,FECHA_PAGO,FECHA_ACTUALIZACION) values (10,9,2,'4526',5.99,to_date('23-MAR-18','DD-MON-RR'),to_date('23-MAR-18','DD-MON-RR'));
REM INSERTING into TIENDA
SET DEFINE OFF;
Insert into TIENDA (ID_TIENDA,ID_DIRECCION,FECHA_ACTUALIZACION) values (1,1,to_date('22-MAR-19','DD-MON-RR'));
Insert into TIENDA (ID_TIENDA,ID_DIRECCION,FECHA_ACTUALIZACION) values (2,2,to_date('22-MAR-19','DD-MON-RR'));
Insert into TIENDA (ID_TIENDA,ID_DIRECCION,FECHA_ACTUALIZACION) values (3,3,to_date('22-MAR-19','DD-MON-RR'));
--------------------------------------------------------
--  DDL for Index CIUDAD_PK
--------------------------------------------------------

  CREATE UNIQUE INDEX "CIUDAD_PK" ON "CIUDAD" ("ID_CIUDAD") 
  PCTFREE 10 INITRANS 2 MAXTRANS 255 
  STORAGE(INITIAL 65536 NEXT 1048576 MINEXTENTS 1 MAXEXTENTS 2147483645
  PCTINCREASE 0 FREELISTS 1 FREELIST GROUPS 1 BUFFER_POOL DEFAULT FLASH_CACHE DEFAULT CELL_FLASH_CACHE DEFAULT)
  TABLESPACE "USERS" ;
--------------------------------------------------------
--  DDL for Index CLIENTE_PK
--------------------------------------------------------

  CREATE UNIQUE INDEX "CLIENTE_PK" ON "CLIENTE" ("ID_CLIENTE") 
  PCTFREE 10 INITRANS 2 MAXTRANS 255 
  STORAGE(INITIAL 65536 NEXT 1048576 MINEXTENTS 1 MAXEXTENTS 2147483645
  PCTINCREASE 0 FREELISTS 1 FREELIST GROUPS 1 BUFFER_POOL DEFAULT FLASH_CACHE DEFAULT CELL_FLASH_CACHE DEFAULT)
  TABLESPACE "USERS" ;
--------------------------------------------------------
--  DDL for Index DEPARTAMENTO_PK
--------------------------------------------------------

  CREATE UNIQUE INDEX "DEPARTAMENTO_PK" ON "DEPARTAMENTO" ("ID_DEPARTAMENTO") 
  PCTFREE 10 INITRANS 2 MAXTRANS 255 
  STORAGE(INITIAL 65536 NEXT 1048576 MINEXTENTS 1 MAXEXTENTS 2147483645
  PCTINCREASE 0 FREELISTS 1 FREELIST GROUPS 1 BUFFER_POOL DEFAULT FLASH_CACHE DEFAULT CELL_FLASH_CACHE DEFAULT)
  TABLESPACE "USERS" ;
--------------------------------------------------------
--  DDL for Index DIRECCION_PK
--------------------------------------------------------

  CREATE UNIQUE INDEX "DIRECCION_PK" ON "DIRECCION" ("ID_DIRECCION") 
  PCTFREE 10 INITRANS 2 MAXTRANS 255 
  STORAGE(INITIAL 65536 NEXT 1048576 MINEXTENTS 1 MAXEXTENTS 2147483645
  PCTINCREASE 0 FREELISTS 1 FREELIST GROUPS 1 BUFFER_POOL DEFAULT FLASH_CACHE DEFAULT CELL_FLASH_CACHE DEFAULT)
  TABLESPACE "USERS" ;
--------------------------------------------------------
--  DDL for Index EMPLEADO_PK
--------------------------------------------------------

  CREATE UNIQUE INDEX "EMPLEADO_PK" ON "EMPLEADO" ("ID_EMPLEADO") 
  PCTFREE 10 INITRANS 2 MAXTRANS 255 
  STORAGE(INITIAL 65536 NEXT 1048576 MINEXTENTS 1 MAXEXTENTS 2147483645
  PCTINCREASE 0 FREELISTS 1 FREELIST GROUPS 1 BUFFER_POOL DEFAULT FLASH_CACHE DEFAULT CELL_FLASH_CACHE DEFAULT)
  TABLESPACE "USERS" ;
--------------------------------------------------------
--  DDL for Index PAGO_PK
--------------------------------------------------------

  CREATE UNIQUE INDEX "PAGO_PK" ON "PAGO" ("ID_PAGO") 
  PCTFREE 10 INITRANS 2 MAXTRANS 255 
  STORAGE(INITIAL 65536 NEXT 1048576 MINEXTENTS 1 MAXEXTENTS 2147483645
  PCTINCREASE 0 FREELISTS 1 FREELIST GROUPS 1 BUFFER_POOL DEFAULT FLASH_CACHE DEFAULT CELL_FLASH_CACHE DEFAULT)
  TABLESPACE "USERS" ;
--------------------------------------------------------
--  DDL for Index TIENDA_PK
--------------------------------------------------------

  CREATE UNIQUE INDEX "TIENDA_PK" ON "TIENDA" ("ID_TIENDA") 
  PCTFREE 10 INITRANS 2 MAXTRANS 255 
  STORAGE(INITIAL 65536 NEXT 1048576 MINEXTENTS 1 MAXEXTENTS 2147483645
  PCTINCREASE 0 FREELISTS 1 FREELIST GROUPS 1 BUFFER_POOL DEFAULT FLASH_CACHE DEFAULT CELL_FLASH_CACHE DEFAULT)
  TABLESPACE "USERS" ;
--------------------------------------------------------
--  Constraints for Table CIUDAD
--------------------------------------------------------

  ALTER TABLE "CIUDAD" ADD CONSTRAINT "CIUDAD_PK" PRIMARY KEY ("ID_CIUDAD")
  USING INDEX PCTFREE 10 INITRANS 2 MAXTRANS 255 
  STORAGE(INITIAL 65536 NEXT 1048576 MINEXTENTS 1 MAXEXTENTS 2147483645
  PCTINCREASE 0 FREELISTS 1 FREELIST GROUPS 1 BUFFER_POOL DEFAULT FLASH_CACHE DEFAULT CELL_FLASH_CACHE DEFAULT)
  TABLESPACE "USERS"  ENABLE;
  ALTER TABLE "CIUDAD" MODIFY ("ID_DEPARTAMENTO" NOT NULL ENABLE);
  ALTER TABLE "CIUDAD" MODIFY ("CIUDAD" NOT NULL ENABLE);
  ALTER TABLE "CIUDAD" MODIFY ("ID_CIUDAD" NOT NULL ENABLE);
--------------------------------------------------------
--  Constraints for Table CLIENTE
--------------------------------------------------------

  ALTER TABLE "CLIENTE" ADD CONSTRAINT "CLIENTE_PK" PRIMARY KEY ("ID_CLIENTE")
  USING INDEX PCTFREE 10 INITRANS 2 MAXTRANS 255 
  STORAGE(INITIAL 65536 NEXT 1048576 MINEXTENTS 1 MAXEXTENTS 2147483645
  PCTINCREASE 0 FREELISTS 1 FREELIST GROUPS 1 BUFFER_POOL DEFAULT FLASH_CACHE DEFAULT CELL_FLASH_CACHE DEFAULT)
  TABLESPACE "USERS"  ENABLE;
  ALTER TABLE "CLIENTE" MODIFY ("FECHA_ACTUALIZACION" NOT NULL ENABLE);
  ALTER TABLE "CLIENTE" MODIFY ("FECHA_CREACION" NOT NULL ENABLE);
  ALTER TABLE "CLIENTE" MODIFY ("ACTIVO" NOT NULL ENABLE);
  ALTER TABLE "CLIENTE" MODIFY ("ID_DIRECCION" NOT NULL ENABLE);
  ALTER TABLE "CLIENTE" MODIFY ("EMAIL" NOT NULL ENABLE);
  ALTER TABLE "CLIENTE" MODIFY ("APELLIDO" NOT NULL ENABLE);
  ALTER TABLE "CLIENTE" MODIFY ("NOMBRE" NOT NULL ENABLE);
  ALTER TABLE "CLIENTE" MODIFY ("ID_TIENDA" NOT NULL ENABLE);
  ALTER TABLE "CLIENTE" MODIFY ("ID_CLIENTE" NOT NULL ENABLE);
--------------------------------------------------------
--  Constraints for Table DEPARTAMENTO
--------------------------------------------------------

  ALTER TABLE "DEPARTAMENTO" ADD CONSTRAINT "DEPARTAMENTO_PK" PRIMARY KEY ("ID_DEPARTAMENTO")
  USING INDEX PCTFREE 10 INITRANS 2 MAXTRANS 255 
  STORAGE(INITIAL 65536 NEXT 1048576 MINEXTENTS 1 MAXEXTENTS 2147483645
  PCTINCREASE 0 FREELISTS 1 FREELIST GROUPS 1 BUFFER_POOL DEFAULT FLASH_CACHE DEFAULT CELL_FLASH_CACHE DEFAULT)
  TABLESPACE "USERS"  ENABLE;
  ALTER TABLE "DEPARTAMENTO" MODIFY ("ID_DEPARTAMENTO" NOT NULL ENABLE);
--------------------------------------------------------
--  Constraints for Table DIRECCION
--------------------------------------------------------

  ALTER TABLE "DIRECCION" ADD CONSTRAINT "DIRECCION_PK" PRIMARY KEY ("ID_DIRECCION")
  USING INDEX PCTFREE 10 INITRANS 2 MAXTRANS 255 
  STORAGE(INITIAL 65536 NEXT 1048576 MINEXTENTS 1 MAXEXTENTS 2147483645
  PCTINCREASE 0 FREELISTS 1 FREELIST GROUPS 1 BUFFER_POOL DEFAULT FLASH_CACHE DEFAULT CELL_FLASH_CACHE DEFAULT)
  TABLESPACE "USERS"  ENABLE;
  ALTER TABLE "DIRECCION" MODIFY ("FECHA_ACTUALIZACION" NOT NULL ENABLE);
  ALTER TABLE "DIRECCION" MODIFY ("TELEFONO" NOT NULL ENABLE);
  ALTER TABLE "DIRECCION" MODIFY ("ID_CIUDAD" NOT NULL ENABLE);
  ALTER TABLE "DIRECCION" MODIFY ("COLONIA" NOT NULL ENABLE);
  ALTER TABLE "DIRECCION" MODIFY ("ID_DIRECCION" NOT NULL ENABLE);
--------------------------------------------------------
--  Constraints for Table EMPLEADO
--------------------------------------------------------

  ALTER TABLE "EMPLEADO" MODIFY ("FECHA_ACTUALIZACIO" NOT NULL ENABLE);
  ALTER TABLE "EMPLEADO" MODIFY ("USUARIO" NOT NULL ENABLE);
  ALTER TABLE "EMPLEADO" MODIFY ("ACTIVO" NOT NULL ENABLE);
  ALTER TABLE "EMPLEADO" MODIFY ("ID_TIENDA" NOT NULL ENABLE);
  ALTER TABLE "EMPLEADO" MODIFY ("ID_DIRECCION" NOT NULL ENABLE);
  ALTER TABLE "EMPLEADO" MODIFY ("APELLIDO" NOT NULL ENABLE);
  ALTER TABLE "EMPLEADO" MODIFY ("NOMBRE" NOT NULL ENABLE);
  ALTER TABLE "EMPLEADO" ADD CONSTRAINT "EMPLEADO_PK" PRIMARY KEY ("ID_EMPLEADO")
  USING INDEX PCTFREE 10 INITRANS 2 MAXTRANS 255 
  STORAGE(INITIAL 65536 NEXT 1048576 MINEXTENTS 1 MAXEXTENTS 2147483645
  PCTINCREASE 0 FREELISTS 1 FREELIST GROUPS 1 BUFFER_POOL DEFAULT FLASH_CACHE DEFAULT CELL_FLASH_CACHE DEFAULT)
  TABLESPACE "USERS"  ENABLE;
  ALTER TABLE "EMPLEADO" MODIFY ("ID_EMPLEADO" NOT NULL ENABLE);
--------------------------------------------------------
--  Constraints for Table PAGO
--------------------------------------------------------

  ALTER TABLE "PAGO" ADD CONSTRAINT "PAGO_PK" PRIMARY KEY ("ID_PAGO")
  USING INDEX PCTFREE 10 INITRANS 2 MAXTRANS 255 
  STORAGE(INITIAL 65536 NEXT 1048576 MINEXTENTS 1 MAXEXTENTS 2147483645
  PCTINCREASE 0 FREELISTS 1 FREELIST GROUPS 1 BUFFER_POOL DEFAULT FLASH_CACHE DEFAULT CELL_FLASH_CACHE DEFAULT)
  TABLESPACE "USERS"  ENABLE;
  ALTER TABLE "PAGO" MODIFY ("FECHA_ACTUALIZACION" NOT NULL ENABLE);
  ALTER TABLE "PAGO" MODIFY ("FECHA_PAGO" NOT NULL ENABLE);
  ALTER TABLE "PAGO" MODIFY ("MONTO" NOT NULL ENABLE);
  ALTER TABLE "PAGO" MODIFY ("CONCEPTO" NOT NULL ENABLE);
  ALTER TABLE "PAGO" MODIFY ("ID_EMPLEADO" NOT NULL ENABLE);
  ALTER TABLE "PAGO" MODIFY ("ID_CLIENTE" NOT NULL ENABLE);
  ALTER TABLE "PAGO" MODIFY ("ID_PAGO" NOT NULL ENABLE);
--------------------------------------------------------
--  Constraints for Table TIENDA
--------------------------------------------------------

  ALTER TABLE "TIENDA" ADD CONSTRAINT "TIENDA_PK" PRIMARY KEY ("ID_TIENDA")
  USING INDEX PCTFREE 10 INITRANS 2 MAXTRANS 255 
  STORAGE(INITIAL 65536 NEXT 1048576 MINEXTENTS 1 MAXEXTENTS 2147483645
  PCTINCREASE 0 FREELISTS 1 FREELIST GROUPS 1 BUFFER_POOL DEFAULT FLASH_CACHE DEFAULT CELL_FLASH_CACHE DEFAULT)
  TABLESPACE "USERS"  ENABLE;
  ALTER TABLE "TIENDA" MODIFY ("FECHA_ACTUALIZACION" NOT NULL ENABLE);
  ALTER TABLE "TIENDA" MODIFY ("ID_DIRECCION" NOT NULL ENABLE);
  ALTER TABLE "TIENDA" MODIFY ("ID_TIENDA" NOT NULL ENABLE);
--------------------------------------------------------
--  Ref Constraints for Table CIUDAD
--------------------------------------------------------

  ALTER TABLE "CIUDAD" ADD CONSTRAINT "CIUDAD_FK1" FOREIGN KEY ("ID_DEPARTAMENTO")
	  REFERENCES "DEPARTAMENTO" ("ID_DEPARTAMENTO") ENABLE;
--------------------------------------------------------
--  Ref Constraints for Table CLIENTE
--------------------------------------------------------

  ALTER TABLE "CLIENTE" ADD CONSTRAINT "CLIENTE_FK1" FOREIGN KEY ("ID_DIRECCION")
	  REFERENCES "DIRECCION" ("ID_DIRECCION") ENABLE;
  ALTER TABLE "CLIENTE" ADD CONSTRAINT "CLIENTE_FK2" FOREIGN KEY ("ID_TIENDA")
	  REFERENCES "TIENDA" ("ID_TIENDA") ENABLE;
--------------------------------------------------------
--  Ref Constraints for Table DIRECCION
--------------------------------------------------------

  ALTER TABLE "DIRECCION" ADD CONSTRAINT "DIRECCION_FK1" FOREIGN KEY ("ID_CIUDAD")
	  REFERENCES "CIUDAD" ("ID_CIUDAD") ENABLE;
--------------------------------------------------------
--  Ref Constraints for Table EMPLEADO
--------------------------------------------------------

  ALTER TABLE "EMPLEADO" ADD CONSTRAINT "EMPLEADO_FK1" FOREIGN KEY ("ID_DIRECCION")
	  REFERENCES "DIRECCION" ("ID_DIRECCION") ENABLE;
  ALTER TABLE "EMPLEADO" ADD CONSTRAINT "EMPLEADO_FK2" FOREIGN KEY ("ID_TIENDA")
	  REFERENCES "TIENDA" ("ID_TIENDA") ENABLE;
--------------------------------------------------------
--  Ref Constraints for Table PAGO
--------------------------------------------------------

  ALTER TABLE "PAGO" ADD CONSTRAINT "PAGO_FK1" FOREIGN KEY ("ID_CLIENTE")
	  REFERENCES "CLIENTE" ("ID_CLIENTE") ENABLE;
  ALTER TABLE "PAGO" ADD CONSTRAINT "PAGO_FK2" FOREIGN KEY ("ID_EMPLEADO")
	  REFERENCES "EMPLEADO" ("ID_EMPLEADO") ENABLE;
--------------------------------------------------------
--  Ref Constraints for Table TIENDA
--------------------------------------------------------

  ALTER TABLE "TIENDA" ADD CONSTRAINT "TIENDA_FK1" FOREIGN KEY ("ID_DIRECCION")
	  REFERENCES "DIRECCION" ("ID_DIRECCION") ENABLE;
